Gene.refGene,transcriptOI,TorF,Approach
CSF3R,CSF3R:NM_000760:exon13:c.G1640A:p.W547X,FALSE,Manual
CSF3R,CSF3R:NM_000760:exon7:c.691delinsCA:p.M231Hfs*10,FALSE,Manual
CSF3R,CSF3R:NM_000760:exon6:c.C502T:p.Q168X,FALSE,Manual
CSF3R,CSF3R:NM_000760:exon4:c.203_222delinsG:p.E68Gfs*30,FALSE,Manual
CSF3R,CSF3R:NM_000760:exon4:c.219delinsGC:p.R74Qfs*7,FALSE,Manual
CSF3R,CSF3R:NM_000760:exon4:c.C78A:p.C26X,FALSE,Manual
MPL,MPL:NM_005373:exon7:c.1162_1163delinsTA:p.A388Y,FALSE,Manual
SF1,SF1:NM_004630:exon13:c.G1788T:p.M596I,FALSE,Manual
FLT3,FLT3:NM_004119:exon3:c.288_290delinsTAT:p.A97I,FALSE,Manual
CREBBP,CREBBP:NM_004380:exon31:c.6812_6830delinsC:p.L2271_Q2276del,FALSE,Manual
CREBBP,CREBBP:NM_004380:exon31:c.6645delinsACAACAGCAGCAACAGCAGCAGCAG:p.Q2216_G2217insQQQQQQQQ,FALSE,Manual
CREBBP,CREBBP:NM_004380:exon31:c.6621_6645delinsG:p.Q2209_Q2216del,FALSE,Manual
CREBBP,CREBBP:NM_004380:exon31:c.6624_6636delinsG:p.Q2213_Q2216del,FALSE,Manual
CREBBP,CREBBP:NM_004380:exon31:c.6633delinsGCAA:p.Q2216_G2217insQ,FALSE,Manual
CREBBP,CREBBP:NM_004380:exon31:c.6612_6624delinsA:p.Q2213_Q2216del,FALSE,Manual
CREBBP,CREBBP:NM_004380:exon31:c.6600_6609delinsA:p.Q2214_Q2216del,FALSE,Manual
CREBBP,CREBBP:NM_004380:exon31:c.6609delinsGCAA:p.Q2216_G2217insQ,FALSE,Manual
CREBBP,CREBBP:NM_004380:exon31:c.5969_5978delinsG:p.T1990_G1992del,FALSE,Manual
CREBBP,CREBBP:NM_004380:exon31:c.5796_5805delinsA:p.V1933_T1935del,FALSE,Manual
CREBBP,CREBBP:NM_004380:exon13:c.2355_2367delinsT:p.A787_Q790del,FALSE,Manual
DNMT3A,DNMT3A:NM_022552:exon19:c.2316_2319delinsC:p.L773del,FALSE,Manual
DNMT3A,DNMT3A:NM_022552:exon15:c.1693_1696delinsT:p.L566del,FALSE,Manual
EP300,EP300:NM_001429:exon2:c.189_190delinsTT:p.Q63_L64delinsHF,FALSE,Manual
EP300,EP300:NM_001429:exon31:c.5727_5730delinsC:p.P1911del,FALSE,Manual
EP300,EP300:NM_001429:exon31:c.5860delinsCTTG:p.H1954delinsLD,FALSE,Manual
EP300,EP300:NM_001429:exon31:c.6566_6578delinsT:p.Q2192_Q2195del,FALSE,Manual
EP300,EP300:NM_001429:exon31:c.6687_6696delinsT:p.H2230_Q2232del,FALSE,Manual
KIT,KIT:NM_000222:exon7:c.1227_1228delinsAT:p.N410Y,FALSE,Manual
KIT,KIT:NM_000222:exon21:c.2805_2806delinsAC:p.Y936H,FALSE,Manual
JAK2,JAK2:NM_004972:exon7:c.843_846delinsT:p.E283del,FALSE,Manual
KDM6A,KDM6A:NM_021140:exon1:c.23delinsTCGCTACCGCCGC:p.A13_A14insTAAA,FALSE,Manual
KDM6A,KDM6A:NM_021140:exon1:c.28delinsACCGCCGCCGCTG:p.A17_F18insAAAA,FALSE,Manual
KDM6A,KDM6A:NM_021140:exon1:c.33delinsCGCCGCT:p.A17_F18insAA,FALSE,Manual
ZBTB33,ZBTB33:NM_006777:exon2:c.984_987delinsA:p.E333del,TRUE,Manual
ATM,ATM:NM_000051:exon5:c.380_381delinsC:p.V128*,TRUE,LOF
ATM,ATM:NM_000051:exon10:c.1287_1289delinsC:p.C430*,TRUE,LOF
ATM,ATM:NM_000051:exon26:c.3800_3801delinsA:p.V1268*,TRUE,LOF
PPM1D,PPM1D:NM_003620:exon6:c.1420delinsCT:p.E475*,TRUE,LOF
ASXL1,ASXL1:NM_015338:exon11:c.1646delinsGTAACACT:p.I552*,TRUE,LOF
ASXL1,ASXL1:NM_015338:exon12:c.1771delinsTA:p.Y591*,TRUE,LOF
TET2,TET2:NM_001127208:exon6:c.3747delinsCT:p.E1250*,TRUE,LOF
ZNF318,ZNF318:NM_014345:exon10:c.5630_5635delinsA:p.L1877*,TRUE,LOF
ZBTB33,ZBTB33:NM_006777:exon2:c.87_95delinsA:p.L30*,TRUE,LOF
MYD88,MYD88:NM_001365876:exon5:c.T736C:p.X246R,TRUE,MYD88Manual
MYD88,MYD88:NM_001365876:exon4:c.T637C:p.W213R,TRUE,MYD88Manual
MYD88,MYD88:NM_001365876:exon4:c.G670A:p.A224T,TRUE,MYD88Manual