Gene,Reported_mutation,Accession,NameFromLCHIP
GNA13,BickPractical,NM_006572,GNA13
IKZF3,BickPractical,NM_012481,IKZF3
JAK1,BickPractical,NM_002227,JAK1
JAK3,BickPractical,NM_000215,JAK3
KMT2D,BickPractical,NM_003482,KMT2D
PTEN,BickPractical,NM_000314,PTEN
SETDB1,BickPractical,NM_001145415,SETDB1
ATM,BickPractical,NM_000051,ATM
MYD88,BickPractical,NM_001365876,MYD88
STAT3,BickPractical,NM_003150,STAT3
ABL1,SNV,NM_005157,ABL1
ADD2,SNV,NM_001185054,ADD2
ADGRV1,SNV,NM_032119,ADGRV1
AKAP6,SNV,NM_004274,AKAP6
ALK,SNV,NM_004304,ALK
ANKRD50,SNV,NM_020337,ANKRD50
AOC2,SNV,NM_001158,AOC2
ARHGEF1,SNV,NM_004706,ARHGEF1
ARID1A,SNV,NM_006015,ARID1A
ARID5B,SNV,NM_032199,ARID5B
ATR,SNV,NM_001184,ATR
AUTS2,SNV,NM_015570,AUTS2
B2M,SNV,NM_004048,B2M
BAZ2A,SNV,NM_013449,BAZ2A
BCL11A,SNV,NM_018014,BCL11A
BCL2,SNV,NM_000633,BCL2
BCL6,SNV,NM_001130845,BCL6
BRCA1,SNV,NM_007294,BRCA1
BRWD3,SNV,NM_153252,BRWD3
BTG1,SNV,NM_001731,BTG1
BTG2,SNV,NM_006763,BTG2
CARD11,SNV,NM_001324281,CARD11
CCAR1,SNV,NM_018237,CCAR1
CCND1,SNV,NM_053056,CCND1
CCND3,SNV,NM_001760,CCND3
CD19,SNV,NM_001178098,CD19
CD274,SNV,NM_001314029,CD274
CDKN2A,SNV,NM_000077,CDKN2A
CHD2,SNV,NM_001271,CHD2
CHD8,SNV,NM_001170629,CHD8
CHEK2,SNV,NM_007194,CHEK2
CIITA,SNV,NM_000246,CIITA
CLGN,SNV,NM_001130675,CLGN
CNKSR2,SNV,NM_001168648,CNKSR2
COL6A3,SNV,NM_004369,COL6A3
CSF2RB,SNV,NM_000395,CSF2RB
CXCR4,SNV,NM_003467,CXCR4
DAZAP1,SNV,NM_018959,DAZAP1
DDX11,SNV,NM_001257144,DDX11
DLC1,SNV,NM_001348081,DLC1
DMD,SNV,NM_004006,DMD
DTX1,SNV,NM_004416,DTX1
DUSP2,SNV,NM_004418,DUSP2
DUSP22,SNV,NM_020185,DUSP22
EBF1,SNV,NM_001324103,EBF1
EEF1A1,SNV,NM_001402,EEF1A1
ENPP3,SNV,NM_005021,ENPP3
ERBB4,SNV,NM_005235,ERBB4
FAS,SNV,NM_000043,FAS
FAT1,SNV,NM_005245,FAT1
FAT2,SNV,NM_001447,FAT2
FAT4,SNV,NM_024582,FAT4
FBXW7,SNV,NM_001349798,FBXW7
FOXC1,SNV,NM_001453,FOXC1
FOXO1,SNV,NM_002015,FOXO1
GNAI2,SNV,NM_002070,GNAI2
GNE,SNV,NM_001190383,GNE
GPS2,SNV,NM_004489,GPS2
GRM7,SNV,NM_000844,GRM7
H1-4,SNV,NM_005321,HIST1H1E
H2AC17,SNV,NM_003514,HIST1H2AM
H2BC12,SNV,NM_001312653,HIST1H2BK
H2BC4,SNV,NM_001381989,HIST1H2BC
HNRNPD,SNV,NM_001003810,HNRNPD
IGLL5,SNV,NM_001178126,IGLL5
IL10RA,SNV,NM_001558,IL10RA
IRF2BP2,SNV,NM_182972,IRF2BP2
IRF4,SNV,NM_001195286,IRF4
IRF8,SNV,NM_002163,IRF8
ITPKB,SNV,NM_002221,ITPKB
ITPR3,SNV,NM_002224,ITPR3
KIAA1671,SNV,NM_001145206,KIAA1671
KLF2,SNV,NM_016270,KLF2
KLHL14,SNV,NM_020805,KLHL14
KLHL21,SNV,NM_014851,KLHL21
KLHL6,SNV,NM_130446,KLHL6
KMT2C,SNV,NM_170606,KMT2C
LRP1B,SNV,NM_018557,LRP1B
LTB,SNV,NM_002341,LTB
MAGT1,SNV,NM_032121,MAGT1
MATN2,SNV,NM_002380,MATN2
MCL1,SNV,NM_021960,MCL1
MEF2B,SNV,NM_001145785,MEF2B
MGA,SNV,NM_001164273,MGA
MPEG1,SNV,NM_001039396,MPEG1
MTOR,SNV,NM_004958,MTOR
MYC,SNV,NM_002467,MYC
NBPF14,SNV,NM_015383,NBPF14
NBPF15,SNV,NM_001170755,NBPF15
NCOR1,SNV,NM_006311,NCOR1
NCOR2,SNV,NM_006312,NCOR2
NEB,SNV,NM_001164507,NEB
NFKBIA,SNV,NM_020529,NFKBIA
NFKBIZ,SNV,NM_031419,NFKBIZ
NLRP8,SNV,NM_176811,NLRP8
NOL9,SNV,NM_024654,NOL9
NOTCH1,SNV,NM_017617,NOTCH1
NOTCH2,SNV,NM_024408,NOTCH2
NTRK1,SNV,NM_001012331,NTRK1
NUP214,SNV,NM_005085,NUP214
OR2M3,SNV,NM_001004689,OR2M3
PAX5,SNV,NM_001280547,PAX5
PCLO,SNV,NM_033026,PCLO
PDCD1,SNV,NM_005018,PDCD1
PDE4DIP,SNV,NM_001002812,PDE4DIP
PIK3CD,SNV,NM_005026,PIK3CD
PLCG2,SNV,NM_002661,PLCG2
PLXNB3,SNV,NM_005393,PLXNB3
POU2F2,SNV,NM_001207025,POU2F2
PRUNE2,SNV,NM_015225,PRUNE2
PTCH1,SNV,NM_000264,PTCH1
PTPN6,SNV,NM_002831,PTPN6
PTPRD,SNV,NM_002839,PTPRD
PTPRK,SNV,NM_001291984,PTPRK
RB1,SNV,NM_000321,RB1
RCOR1,SNV,NM_015156,RCOR1
REL,SNV,NM_001291746,REL
RET,SNV,NM_020630,RET
RHOA,SNV,NM_001313941,RHOA
ROS1,SNV,NM_002944,ROS1
RP1L1,SNV,NM_178857,RP1L1
RPS15,SNV,NM_001018,RPS15
SEL1L3,SNV,NM_015187,SEL1L3
SETD1B,SNV,NM_001353345,SETD1B
SETD5,SNV,NM_001080517,SETD5
SIN3A,SNV,NM_001145357,SIN3A
SMARCA4,SNV,NM_001128844,SMARCA4
SOCS1,SNV,NM_003745,SOCS1
SPEN,SNV,NM_015001,SPEN
SPIB,SNV,NM_003121,SPIB
STAT6,SNV,NM_001178078,STAT6
SYNE1,SNV,NM_182961,SYNE1
TCTN2,SNV,NM_024809,TCTN2
TLR2,SNV,NM_001318787,TLR2
TNFAIP3,SNV,NM_001270507,TNFAIP3
TNFRSF14,SNV,NM_003820,TNFRSF14
TNIP1,SNV,NM_001252385,TNIP1
TOX,SNV,NM_014729,TOX
TP63,SNV,NM_003722,TP63
TSC2,SNV,NM_000548,TSC2
UBR5,SNV,NM_001282873,UBR5
VAV1,SNV,NM_001258206,VAV1
WDFY3,SNV,NM_014991,WDFY3
XPO1,SNV,NM_003400,XPO1
YY1,SNV,NM_003403,YY1
ZBTB11,SNV,NM_014415,ZBTB11
ZC3H12A,SNV,NM_001323550,ZC3H12A
ZEB2,SNV,NM_014795,ZEB2
ZFP36L1,SNV,NM_001244698,ZFP36L1
ZNF217,SNV,NM_001385034,ZNF217
ZNF292,SNV,NM_015021,ZNF292
PDGFRB,MNV,NM_002609,PDGFRB
NFKBIE,MNV,NM_004556,NFKBIE
ARID1B,MNV,NM_001374820,ARID1B
BIRC3,MNV,NM_001165,BIRC3
MYCBP2,MNV,NM_015057,MYCBP2
DDX3X,MNV,NM_001356,DDX3X
TAF1,MNV,NM_004606,TAF1
KIR2DL3,MNV,NM_015868,KIR2DL3
POT1,MNV,NM_015450,POT1
ACTB,COSMICUniq,NM_001101,ACTB
ACTG1,COSMICUniq,NM_001199954,ACTG1
BAZ2B,COSMICUniq,NM_013450,BAZ2B
BCL10,COSMICUniq,NM_003921,BCL10
BCL7A,COSMICUniq,NM_020993,BCL7A
BTK,COSMICUniqChanged,NM_000061,BTK
CD58,COSMICUniq,NM_001144822,CD58
CD70,COSMICUniq,NM_001252,CD70
CD79A,COSMICUniq,NM_001783,CD79A
CTSS,COSMICUniq,NM_004079,CTSS
DIRAS3,COSMICUniq,NM_004675,DIRAS3
ENTPD4,COSMICUniq,NM_004901,ENTPD4
ETS1,COSMICUniq,NM_005238,ETS1
FANCE,COSMICUniq,NM_021922,FANCE
FYN,COSMICUniq,NM_002037,FYN
GRB2,COSMICUniq,NM_002086,GRB2
GRHPR,COSMICUniq,NM_012203,GRHPR
H1-2,COSMICUniq,NM_005319,HIST1H1C
H1-3,COSMICUniq,NM_005320,HIST1H1D
H1-5,COSMICUniq,NM_005322,HIST1H1B
H2AC6,COSMICUniq,NM_003512,HIST1H2AC
H2BC21,COSMICUniq,NM_003528,HIST2H2BE
H3C2,COSMICUniq,NM_003537,HIST1H3B
HAVCR2,COSMICUniq,NM_032782,HAVCR2
HEATR3,COSMICUniq,NM_182922,HEATR3
ID3,COSMICUniq,NM_002167,ID3
IL6,COSMICUniq,NM_000600,IL6
ITK,COSMICUniq,NM_005546,ITK
KLHL9,COSMICUniq,NM_018847,KLHL9
LYN,COSMICUniq,NM_002350,LYN
MGARP,COSMICUniq,NM_032623,MGARP
MS4A1,COSMICUniq,NM_152866,MS4A1
NSD2,COSMICUniq,NM_133330,NSD2
OSBPL10,COSMICUniq,NM_017784,OSBPL10
P2RY8,COSMICUniq,NM_178129,P2RY8
PABPC3,COSMICUniq,NM_030979,PABPC3
PCBP1,COSMICUniq,NM_006196,PCBP1
PEX14,COSMICUniq,NM_004565,PEX14
PIM1,COSMICUniqChanged,NM_002648,PIM1
PIM2,COSMICUniq,NM_006875,PIM2
POU2AF1,COSMICUniq,NM_006235,POU2AF1
PPP4R3A,COSMICUniq,NM_001366432,PPP4R3A
PRDM1,COSMICUniq,NM_001198,PRDM1
PRKCB,COSMICUniq,NM_002738,PRKCB
SCG3,COSMICUniq,NM_013243,SCG3
SGK1,COSMICUniq,NM_001143676,SGK1
SLC9A6,COSMICUniq,NM_001042537,SLC9A6
SOCS6,COSMICUniq,NM_004232,SOCS6
TMEM30A,COSMICUniq,NM_018247,TMEM30A
TMSB4X,COSMICUniq,NM_021109,TMSB4X
TRAF3,COSMICUniq,NM_145725,TRAF3
UBE2A,COSMICUniq,NM_003336,UBE2A
USP6,COSMICUniq,NM_001304284,USP6
CD79B,COSMICManualChanged,NM_000626,CD79B
CD83,COSMICManual,NM_004233,CD83
DGKB,COSMICManual,NM_001350705,DGKB
HVCN1,COSMICManual,NM_032369,HVCN1
MAP2K1,COSMICManual,NM_002755,MAP2K1
MED11,COSMICManual,NM_001001683,MED11
PIK3CA,COSMICManual,NM_006218,PIK3CA
RBMXL1,COSMICManual,NM_019610,RBMXL1
TBL1XR1,COSMICManual,NM_001321194,TBL1XR1
TCL1A,COSMICManual,NM_021966,TCL1A
TUT4,COSMICManual,NM_015269,TUT4
CCL4,Manual,NM_002984,CCL4