Gene,AAChange,Accession
BRAF,G464E,NM_004333
BRAF,G464V,NM_004333
BRAF,G466E,NM_004333
BRAF,G466V,NM_004333
BRAF,G469R,NM_004333
BRAF,G469E,NM_004333
BRAF,G469A,NM_004333
BRAF,G469V,NM_004333
BRAF,V471F,NM_004333
BRAF,V472S,NM_004333
BRAF,L485W,NM_004333
BRAF,N581S,NM_004333
BRAF,I582M,NM_004333
BRAF,I592M,NM_004333
BRAF,I592V,NM_004333
BRAF,D594N,NM_004333
BRAF,D594G,NM_004333
BRAF,D594V,NM_004333
BRAF,D594E,NM_004333
BRAF,F595L,NM_004333
BRAF,F595S,NM_004333
BRAF,G596R,NM_004333
BRAF,L597V,NM_004333
BRAF,L597S,NM_004333
BRAF,L597Q,NM_004333
BRAF,L597R,NM_004333
BRAF,A598V,NM_004333
BRAF,V600M,NM_004333
BRAF,V600L,NM_004333
BRAF,V600K,NM_004333
BRAF,V600R,NM_004333
BRAF,V600E,NM_004333
BRAF,V600A,NM_004333
BRAF,V600G,NM_004333
BRAF,V600D,NM_004333
BRAF,K601E,NM_004333
BRAF,K601N,NM_004333
BRAF,W604R,NM_004333
BRAF,W604G,NM_004333
BRAF,S605G,NM_004333
BRAF,S605F,NM_004333
BRAF,S605N,NM_004333
BRAF,G606E,NM_004333
BRAF,G606A,NM_004333
BRAF,G606V,NM_004333
BRAF,H608R,NM_004333
BRAF,H608L,NM_004333
BRAF,G615R,NM_004333
BRAF,S616P,NM_004333
BRAF,S616F,NM_004333
BRAF,L618S,NM_004333
BRAF,L618W,NM_004333
CREBBP,D1435E,NM_004380
CREBBP,R1446L,NM_004380
CREBBP,R1446H,NM_004380
CREBBP,R1446C,NM_004380
CREBBP,Y1450C,NM_004380
CREBBP,P1476R,NM_004380
CREBBP,Y1482H,NM_004380
CREBBP,H1487Y,NM_004380
CREBBP,W1502C,NM_004380
CREBBP,Y1503D,NM_004380
CREBBP,Y1503H,NM_004380
CREBBP,Y1503F,NM_004380
CSF1R,L301F,NM_005211
CSF1R,L301S,NM_005211
CSF1R,Y969C,NM_005211
CSF1R,Y969N,NM_005211
CSF1R,Y969F,NM_005211
CSF1R,Y969H,NM_005211
CSF1R,Y969D,NM_005211
CSF3R,T615A,NM_000760
CSF3R,T618I,NM_000760
CTCF,R377C,NM_006565
CTCF,R377H,NM_006565
CTCF,P378A,NM_006565
CTCF,P378L,NM_006565
DNMT3A,F290I,NM_022552
DNMT3A,F290C,NM_022552
DNMT3A,V296M,NM_022552
DNMT3A,P307S,NM_022552
DNMT3A,P307R,NM_022552
DNMT3A,R326H,NM_022552
DNMT3A,R326L,NM_022552
DNMT3A,R326C,NM_022552
DNMT3A,R326S,NM_022552
DNMT3A,G332R,NM_022552
DNMT3A,G332E,NM_022552
DNMT3A,V339A,NM_022552
DNMT3A,V339M,NM_022552
DNMT3A,V339G,NM_022552
DNMT3A,L344Q,NM_022552
DNMT3A,L344P,NM_022552
DNMT3A,R366P,NM_022552
DNMT3A,R366H,NM_022552
DNMT3A,R366G,NM_022552
DNMT3A,A368T,NM_022552
DNMT3A,A368V,NM_022552
DNMT3A,R379H,NM_022552
DNMT3A,R379C,NM_022552
DNMT3A,I407T,NM_022552
DNMT3A,I407N,NM_022552
DNMT3A,I407S,NM_022552
DNMT3A,F414L,NM_022552
DNMT3A,F414S,NM_022552
DNMT3A,F414C,NM_022552
DNMT3A,A462V,NM_022552
DNMT3A,K468R,NM_022552
DNMT3A,C497G,NM_022552
DNMT3A,C497Y,NM_022552
DNMT3A,Q527H,NM_022552
DNMT3A,Q527P,NM_022552
DNMT3A,Y533C,NM_022552
DNMT3A,S535F,NM_022552
DNMT3A,C537G,NM_022552
DNMT3A,C537R,NM_022552
DNMT3A,G543A,NM_022552
DNMT3A,G543S,NM_022552
DNMT3A,G543C,NM_022552
DNMT3A,L547H,NM_022552
DNMT3A,L547P,NM_022552
DNMT3A,L547F,NM_022552
DNMT3A,M548I,NM_022552
DNMT3A,M548K,NM_022552
DNMT3A,G550R,NM_022552
DNMT3A,W581R,NM_022552
DNMT3A,W581G,NM_022552
DNMT3A,W581C,NM_022552
DNMT3A,R604Q,NM_022552
DNMT3A,R604W,NM_022552
DNMT3A,R635W,NM_022552
DNMT3A,R635Q,NM_022552
DNMT3A,S638F,NM_022552
DNMT3A,G646V,NM_022552
DNMT3A,G646E,NM_022552
DNMT3A,L653W,NM_022552
DNMT3A,L653F,NM_022552
DNMT3A,I655N,NM_022552
DNMT3A,V657A,NM_022552
DNMT3A,V657M,NM_022552
DNMT3A,R659H,NM_022552
DNMT3A,Y660C,NM_022552
DNMT3A,V665G,NM_022552
DNMT3A,V665L,NM_022552
DNMT3A,M674V,NM_022552
DNMT3A,R676W,NM_022552
DNMT3A,R676Q,NM_022552
DNMT3A,G685R,NM_022552
DNMT3A,G685E,NM_022552
DNMT3A,G685A,NM_022552
DNMT3A,D686Y,NM_022552
DNMT3A,D686G,NM_022552
DNMT3A,R688H,NM_022552
DNMT3A,G699R,NM_022552
DNMT3A,G699S,NM_022552
DNMT3A,G699D,NM_022552
DNMT3A,P700L,NM_022552
DNMT3A,P700S,NM_022552
DNMT3A,P700R,NM_022552
DNMT3A,P700Q,NM_022552
DNMT3A,P700T,NM_022552
DNMT3A,P700A,NM_022552
DNMT3A,D702N,NM_022552
DNMT3A,D702Y,NM_022552
DNMT3A,V704M,NM_022552
DNMT3A,V704G,NM_022552
DNMT3A,I705F,NM_022552
DNMT3A,I705T,NM_022552
DNMT3A,I705S,NM_022552
DNMT3A,I705N,NM_022552
DNMT3A,G707D,NM_022552
DNMT3A,G707V,NM_022552
DNMT3A,C710S,NM_022552
DNMT3A,C710Y,NM_022552
DNMT3A,S714C,NM_022552
DNMT3A,V716D,NM_022552
DNMT3A,V716F,NM_022552
DNMT3A,V716I,NM_022552
DNMT3A,N717S,NM_022552
DNMT3A,N717I,NM_022552
DNMT3A,P718L,NM_022552
DNMT3A,R720H,NM_022552
DNMT3A,R720G,NM_022552
DNMT3A,K721R,NM_022552
DNMT3A,K721T,NM_022552
DNMT3A,Y724C,NM_022552
DNMT3A,R729Q,NM_022552
DNMT3A,R729W,NM_022552
DNMT3A,R729G,NM_022552
DNMT3A,F731C,NM_022552
DNMT3A,F731L,NM_022552
DNMT3A,F731Y,NM_022552
DNMT3A,F731I,NM_022552
DNMT3A,F732C,NM_022552
DNMT3A,F732S,NM_022552
DNMT3A,F732L,NM_022552
DNMT3A,E733G,NM_022552
DNMT3A,E733A,NM_022552
DNMT3A,F734L,NM_022552
DNMT3A,F734C,NM_022552
DNMT3A,Y735C,NM_022552
DNMT3A,Y735N,NM_022552
DNMT3A,Y735S,NM_022552
DNMT3A,R736H,NM_022552
DNMT3A,R736C,NM_022552
DNMT3A,R736P,NM_022552
DNMT3A,L737H,NM_022552
DNMT3A,L737V,NM_022552
DNMT3A,L737F,NM_022552
DNMT3A,L737R,NM_022552
DNMT3A,A741V,NM_022552
DNMT3A,P742P,NM_022552
DNMT3A,P743R,NM_022552
DNMT3A,P743L,NM_022552
DNMT3A,R749C,NM_022552
DNMT3A,R749L,NM_022552
DNMT3A,R749H,NM_022552
DNMT3A,R749G,NM_022552
DNMT3A,F751L,NM_022552
DNMT3A,F751C,NM_022552
DNMT3A,F752C,NM_022552
DNMT3A,F752L,NM_022552
DNMT3A,F752I,NM_022552
DNMT3A,F752V,NM_022552
DNMT3A,W753G,NM_022552
DNMT3A,W753C,NM_022552
DNMT3A,W753R,NM_022552
DNMT3A,L754P,NM_022552
DNMT3A,L754R,NM_022552
DNMT3A,L754H,NM_022552
DNMT3A,F755S,NM_022552
DNMT3A,F755I,NM_022552
DNMT3A,F755L,NM_022552
DNMT3A,M761I,NM_022552
DNMT3A,M761V,NM_022552
DNMT3A,G762C,NM_022552
DNMT3A,V763I,NM_022552
DNMT3A,S770L,NM_022552
DNMT3A,S770W,NM_022552
DNMT3A,S770P,NM_022552
DNMT3A,R771Q,NM_022552
DNMT3A,F772I,NM_022552
DNMT3A,F772V,NM_022552
DNMT3A,L773R,NM_022552
DNMT3A,L773V,NM_022552
DNMT3A,E774K,NM_022552
DNMT3A,E774D,NM_022552
DNMT3A,E774G,NM_022552
DNMT3A,I780T,NM_022552
DNMT3A,D781G,NM_022552
DNMT3A,R792H,NM_022552
DNMT3A,W795C,NM_022552
DNMT3A,W795L,NM_022552
DNMT3A,G796D,NM_022552
DNMT3A,G796V,NM_022552
DNMT3A,N797Y,NM_022552
DNMT3A,N797H,NM_022552
DNMT3A,N797S,NM_022552
DNMT3A,P799S,NM_022552
DNMT3A,P799R,NM_022552
DNMT3A,P799H,NM_022552
DNMT3A,R803S,NM_022552
DNMT3A,R803W,NM_022552
DNMT3A,P804L,NM_022552
DNMT3A,P804S,NM_022552
DNMT3A,K826R,NM_022552
DNMT3A,S828N,NM_022552
DNMT3A,K829R,NM_022552
DNMT3A,T835M,NM_022552
DNMT3A,N838D,NM_022552
DNMT3A,K841Q,NM_022552
DNMT3A,Q842E,NM_022552
DNMT3A,P849L,NM_022552
DNMT3A,D857N,NM_022552
DNMT3A,W860R,NM_022552
DNMT3A,E863D,NM_022552
DNMT3A,F868S,NM_022552
DNMT3A,G869S,NM_022552
DNMT3A,G869V,NM_022552
DNMT3A,M880V,NM_022552
DNMT3A,S881R,NM_022552
DNMT3A,S881I,NM_022552
DNMT3A,R882H,NM_022552
DNMT3A,R882P,NM_022552
DNMT3A,R882C,NM_022552
DNMT3A,R882G,NM_022552
DNMT3A,A884P,NM_022552
DNMT3A,A884V,NM_022552
DNMT3A,Q886R,NM_022552
DNMT3A,L889P,NM_022552
DNMT3A,L889R,NM_022552
DNMT3A,G890D,NM_022552
DNMT3A,G890R,NM_022552
DNMT3A,G890S,NM_022552
DNMT3A,V895M,NM_022552
DNMT3A,P896L,NM_022552
DNMT3A,V897G,NM_022552
DNMT3A,V897D,NM_022552
DNMT3A,R899L,NM_022552
DNMT3A,R899H,NM_022552
DNMT3A,R899C,NM_022552
DNMT3A,L901R,NM_022552
DNMT3A,L901H,NM_022552
DNMT3A,P904L,NM_022552
DNMT3A,F909C,NM_022552
DNMT3A,P904Q,NM_022552
DNMT3A,A910P,NM_022552
DNMT3A,C911R,NM_022552
DNMT3A,C911Y,NM_022552
EED,L240Q,NM_003797
EED,I363M,NM_003797
EP300,D1399N,NM_001429
EP300,D1399Y,NM_001429
EP300,P1452L,NM_001429
EP300,Y1467N,NM_001429
EP300,Y1467H,NM_001429
EP300,Y1467C,NM_001429
EP300,R1627W,NM_001429
EP300,A1629V,NM_001429
ETNK1,N155S,NM_018638
ETNK1,N155T,NM_018638
ETNK1,N155K,NM_018638
ETNK1,N244S,NM_018638
ETNK1,N244T,NM_018638
ETNK1,N244K,NM_018638
EZH2,Q62R,NM_001203247
EZH2,N102S,NM_001203247
EZH2,F145S,NM_001203247
EZH2,F145C,NM_001203247
EZH2,F145Y,NM_001203247
EZH2,F145L,NM_001203247
EZH2,G159R,NM_001203247
EZH2,E164D,NM_001203247
EZH2,R202Q,NM_001203247
EZH2,K238E,NM_001203247
EZH2,E244K,NM_001203247
EZH2,R283Q,NM_001203247
EZH2,H292R,NM_001203247
EZH2,P488S,NM_001203247
EZH2,R497Q,NM_001203247
EZH2,R561H,NM_001203247
EZH2,T568I,NM_001203247
EZH2,K629E,NM_001203247
EZH2,Y641N,NM_001203247
EZH2,Y641H,NM_001203247
EZH2,Y641S,NM_001203247
EZH2,Y641C,NM_001203247
EZH2,Y641F,NM_001203247
EZH2,D659Y,NM_001203247
EZH2,D659G,NM_001203247
EZH2,V674M,NM_001203247
EZH2,A677G,NM_001203247
EZH2,A677V,NM_001203247
EZH2,R679C,NM_001203247
EZH2,R679H,NM_001203247
EZH2,R685C,NM_001203247
EZH2,R685H,NM_001203247
EZH2,A687V,NM_001203247
EZH2,N688I,NM_001203247
EZH2,N688K,NM_001203247
EZH2,H689Y,NM_001203247
EZH2,S690P,NM_001203247
EZH2,I708V,NM_001203247
EZH2,I708T,NM_001203247
EZH2,I708M,NM_001203247
EZH2,E720K,NM_001203247
EZH2,E740K,NM_001203247
FLT3,V579A,NM_004119
FLT3,V592A,NM_004119
FLT3,V592I,NM_004119
FLT3,F594L,NM_004119
FLT3,D835Y,NM_004119
FLT3,D835H,NM_004119
FLT3,D835E,NM_004119
GATA2,R293Q,NM_001145661
GATA2,N317H,NM_001145661
GATA2,A318T,NM_001145661
GATA2,A318V,NM_001145661
GATA2,A318G,NM_001145661
GATA2,G320D,NM_001145661
GATA2,L321P,NM_001145661
GATA2,L321F,NM_001145661
GATA2,L321V,NM_001145661
GATA2,Q328P,NM_001145661
GATA2,R330Q,NM_001145661
GATA2,R361L,NM_001145661
GATA2,L359V,NM_001145661
GATA2,A372T,NM_001145661
GATA2,R384G,NM_001145661
GATA2,R384K,NM_001145661
GATA3,R276W,NM_001002295
GATA3,R276Q,NM_001002295
GATA3,N286T,NM_001002295
GATA3,L348V,NM_001002295
GNA13,I34T,NM_006572
GNA13,G57S,NM_006572
GNA13,S62F,NM_006572
GNA13,M68K,NM_006572
GNA13,Q134R,NM_006572
GNA13,Y145F,NM_006572
GNA13,L152F,NM_006572
GNA13,E167D,NM_006572
GNA13,Q169H,NM_006572
GNA13,R264H,NM_006572
GNA13,E273K,NM_006572
GNA13,V322G,NM_006572
GNA13,V362G,NM_006572
GNA13,L371F,NM_006572
GNAS,R201S,NM_000516
GNAS,R201C,NM_000516
GNAS,R201H,NM_000516
GNAS,R201L,NM_000516
GNAS,Q227K,NM_000516
GNAS,Q227R,NM_000516
GNAS,Q227L,NM_000516
GNAS,Q227H,NM_000516
GNAS,R374C,NM_000516
GNB1,K57N,NM_002074
GNB1,K57M,NM_002074
GNB1,K57E,NM_002074
GNB1,K57T,NM_002074
GNB1,I80T,NM_002074
GNB1,I80N,NM_002074
IDH1,R132C,NM_005896
IDH1,R132G,NM_005896
IDH1,R132H,NM_005896
IDH1,R132L,NM_005896
IDH1,R132P,NM_005896
IDH1,R132V,NM_005896
IDH2,R140W,NM_002168
IDH2,R140Q,NM_002168
IDH2,R140L,NM_002168
IDH2,R140G,NM_002168
IDH2,R172W,NM_002168
IDH2,R172G,NM_002168
IDH2,R172K,NM_002168
IDH2,R172T,NM_002168
IDH2,R172M,NM_002168
IDH2,R172N,NM_002168
IDH2,R172S,NM_002168
JAK1,T478A,NM_002227
JAK1,T478S,NM_002227
JAK1,V623A,NM_002227
JAK1,A634D,NM_002227
JAK1,L653F,NM_002227
JAK1,R724H,NM_002227
JAK1,R724Q,NM_002227
JAK1,R724P,NM_002227
JAK1,T782M,NM_002227
JAK1,L783F,NM_002227
JAK2,N533D,NM_004972
JAK2,N533Y,NM_004972
JAK2,N533S,NM_004972
JAK2,H538R,NM_004972
JAK2,K539E,NM_004972
JAK2,K539L,NM_004972
JAK2,I540T,NM_004972
JAK2,I540V,NM_004972
JAK2,V617F,NM_004972
JAK2,R683S,NM_004972
JAK2,R683G,NM_004972
JAK3,M511T,NM_000215
JAK3,M511I,NM_000215
JAK3,A572V,NM_000215
JAK3,A572T,NM_000215
JAK3,A573V,NM_000215
JAK3,R657Q,NM_000215
JAK3,V715I,NM_000215
JAK3,V715A,NM_000215
KIT,V559A,NM_000222
KIT,V559D,NM_000222
KIT,V559G,NM_000222
KIT,V559I,NM_000222
KIT,V560D,NM_000222
KIT,V560A,NM_000222
KIT,V560G,NM_000222
KIT,V560E,NM_000222
KIT,E561K,NM_000222
KIT,P627L,NM_000222
KIT,P627T,NM_000222
KIT,R634W,NM_000222
KIT,K642E,NM_000222
KIT,K642Q,NM_000222
KIT,V654A,NM_000222
KIT,V654E,NM_000222
KIT,H697Y,NM_000222
KIT,H697D,NM_000222
KIT,E761D,NM_000222
KIT,K807R,NM_000222
KIT,D816H,NM_000222
KIT,D816Y,NM_000222
KIT,D816F,NM_000222
KIT,D816I,NM_000222
KIT,D816V,NM_000222
KIT,D816H,NM_000222
KRAS,G12D,NM_033360
KRAS,G12A,NM_033360
KRAS,G12E,NM_033360
KRAS,G12V,NM_033360
KRAS,G13D,NM_033360
KRAS,G13C,NM_033360
KRAS,G13Y,NM_033360
KRAS,G13F,NM_033360
KRAS,G13R,NM_033360
KRAS,G13A,NM_033360
KRAS,G13V,NM_033360
KRAS,G13E,NM_033360
KRAS,V14I,NM_033360
KRAS,T58I,NM_033360
KRAS,G60D,NM_033360
KRAS,G60A,NM_033360
KRAS,G60V,NM_033360
KRAS,Q61K,NM_033360
KRAS,Q61E,NM_033360
KRAS,Q61P,NM_033360
KRAS,Q61R,NM_033360
KRAS,Q61L,NM_033360
KRAS,Q61H,NM_033360
KRAS,K117E,NM_033360
KRAS,K117N,NM_033360
KRAS,A146T,NM_033360
KRAS,A146P,NM_033360
KRAS,A146V,NM_033360
MPL,S505G,NM_005373
MPL,S505N,NM_005373
MPL,S505C,NM_005373
MPL,L510P,NM_005373
MPL,W515A,NM_005373
MPL,W515R,NM_005373
MPL,W515K,NM_005373
MPL,W515S,NM_005373
MPL,W515L,NM_005373
MPL,A519T,NM_005373
MPL,A519V,NM_005373
MPL,Y591D,NM_005373
NRAS,G12S,NM_002524
NRAS,G12R,NM_002524
NRAS,G12C,NM_002524
NRAS,G12N,NM_002524
NRAS,G12P,NM_002524
NRAS,G12Y,NM_002524
NRAS,G12D,NM_002524
NRAS,G12A,NM_002524
NRAS,G12V,NM_002524
NRAS,G12E,NM_002524
NRAS,G13S,NM_002524
NRAS,G13R,NM_002524
NRAS,G13C,NM_002524
NRAS,G13N,NM_002524
NRAS,G13P,NM_002524
NRAS,G13Y,NM_002524
NRAS,G13D,NM_002524
NRAS,G13A,NM_002524
NRAS,G13V,NM_002524
NRAS,G13E,NM_002524
NRAS,G60E,NM_002524
NRAS,G60R,NM_002524
NRAS,Q61R,NM_002524
NRAS,Q61L,NM_002524
NRAS,Q61K,NM_002524
NRAS,Q61P,NM_002524
NRAS,Q61H,NM_002524
NRAS,Q61Q,NM_002524
PDS5B,R1292Q,NM_015032
PHF6,A40D,NM_001015877
PHF6,M125I,NM_001015877
PHF6,S246Y,NM_001015877
PHF6,F263L,NM_001015877
PHF6,R274Q,NM_001015877
PHF6,C297Y,NM_001015877
PHF6,H302Y,NM_001015877
PHF6,H329L,NM_001015877
PRPF40B,P15H,NM_001031698
PRPF40B,M58I,NM_001031698
PRPF40B,P405L,NM_001031698
PRPF40B,P562S,NM_001031698
PRPF8,M1307I,NM_006445
PRPF8,C1594W,NM_006445
PRPF8,D1598Y,NM_006445
PRPF8,D1598N,NM_006445
PRPF8,D1598V,NM_006445
PTEN,D24G,NM_000314
PTEN,R47G,NM_000314
PTEN,F56V,NM_000314
PTEN,L57W,NM_000314
PTEN,H61R,NM_000314
PTEN,K66N,NM_000314
PTEN,Y68H,NM_000314
PTEN,C71Y,NM_000314
PTEN,F81C,NM_000314
PTEN,Y88C,NM_000314
PTEN,D92G,NM_000314
PTEN,D92V,NM_000314
PTEN,D92E,NM_000314
PTEN,H93Y,NM_000314
PTEN,H93D,NM_000314
PTEN,H93Q,NM_000314
PTEN,N94I,NM_000314
PTEN,P95L,NM_000314
PTEN,I101T,NM_000314
PTEN,C105F,NM_000314
PTEN,C105S,NM_000314
PTEN,D107Y,NM_000314
PTEN,L112V,NM_000314
PTEN,H123Y,NM_000314
PTEN,C124R,NM_000314
PTEN,C124S,NM_000314
PTEN,K125E,NM_000314
PTEN,A126D,NM_000314
PTEN,K128N,NM_000314
PTEN,R130G,NM_000314
PTEN,R130Q,NM_000314
PTEN,R130L,NM_000314
PTEN,G132D,NM_000314
PTEN,I135V,NM_000314
PTEN,I135K,NM_000314
PTEN,C136R,NM_000314
PTEN,C136F,NM_000314
PTEN,K144Q,NM_000314
PTEN,A151T,NM_000314
PTEN,D153Y,NM_000314
PTEN,D153N,NM_000314
PTEN,Y155H,NM_000314
PTEN,Y155C,NM_000314
PTEN,R159K,NM_000314
PTEN,R159S,NM_000314
PTEN,R161K,NM_000314
PTEN,R161I,NM_000314
PTEN,G165R,NM_000314
PTEN,G165E,NM_000314
PTEN,S170N,NM_000314
PTEN,S170I,NM_000314
PTEN,R173C,NM_000314
PTEN,Y174D,NM_000314
PTEN,Y177C,NM_000314
PTEN,H196Y,NM_000314
PTEN,R234W,NM_000314
PTEN,G251C,NM_000314
PTEN,D252Y,NM_000314
PTEN,F271S,NM_000314
PTEN,D326G,NM_000314
PTPN11,G60V,NM_002834
PTPN11,G60R,NM_002834
PTPN11,G60A,NM_002834
PTPN11,D61Y,NM_002834
PTPN11,D61V,NM_002834
PTPN11,D61G,NM_002834
PTPN11,Y63C,NM_002834
PTPN11,E69K,NM_002834
PTPN11,E69G,NM_002834
PTPN11,E69D,NM_002834
PTPN11,E69Q,NM_002834
PTPN11,F71L,NM_002834
PTPN11,F71K,NM_002834
PTPN11,A72T,NM_002834
PTPN11,A72V,NM_002834
PTPN11,A72D,NM_002834
PTPN11,T73I,NM_002834
PTPN11,E76K,NM_002834
PTPN11,E76Q,NM_002834
PTPN11,E76M,NM_002834
PTPN11,E76A,NM_002834
PTPN11,E76G,NM_002834
PTPN11,E139G,NM_002834
PTPN11,E139D,NM_002834
PTPN11,N308D,NM_002834
PTPN11,N308T,NM_002834
PTPN11,N339S,NM_002834
PTPN11,P491L,NM_002834
PTPN11,S502P,NM_002834
PTPN11,S502A,NM_002834
PTPN11,S502L,NM_002834
PTPN11,G503V,NM_002834
PTPN11,G503G,NM_002834
PTPN11,G503A,NM_002834
PTPN11,G503E,NM_002834
PTPN11,Q506P,NM_002834
PTPN11,T507A,NM_002834
PTPN11,T507K,NM_002834
RAD21,R65Q,NM_006265
RAD21,H208R,NM_006265
RAD21,Q474R,NM_006265
RUNX1,S73F,NM_001001890
RUNX1,H78Q,NM_001001890
RUNX1,H78L,NM_001001890
RUNX1,R80C,NM_001001890
RUNX1,R80P,NM_001001890
RUNX1,R80H,NM_001001890
RUNX1,L85Q,NM_001001890
RUNX1,P86L,NM_001001890
RUNX1,P86H,NM_001001890
RUNX1,S114L,NM_001001890
RUNX1,D133Y,NM_001001890
RUNX1,L134P,NM_001001890
RUNX1,R135G,NM_001001890
RUNX1,R135K,NM_001001890
RUNX1,R135S,NM_001001890
RUNX1,R139Q,NM_001001890
RUNX1,R142S,NM_001001890
RUNX1,A165V,NM_001001890
RUNX1,R174Q,NM_001001890
RUNX1,R177L,NM_001001890
RUNX1,R177Q,NM_001001890
RUNX1,A224T,NM_001001890
RUNX1,D171G,NM_001001890
RUNX1,D171V,NM_001001890
RUNX1,D171N,NM_001001890
RUNX1,R205W,NM_001001890
RUNX1,R223C,NM_001001890
SETBP1,D868N,NM_015559
SETBP1,D868T,NM_015559
SETBP1,S869N,NM_015559
SETBP1,G870S,NM_015559
SETBP1,I871T,NM_015559
SETBP1,D880N,NM_015559
SETBP1,D880Q,NM_015559
SETD2,V1190M,NM_014159
SETDB1,K715E,NM_001145415
SF1,T454M,NM_004630
SF1,Y476C,NM_004630
SF1,A508G,NM_004630
SF3A1,A57S,NM_005877
SF3A1,M117I,NM_005877
SF3A1,K166T,NM_005877
SF3A1,Y271C,NM_005877
SF3B1,G347V,NM_012433
SF3B1,R387W,NM_012433
SF3B1,R387Q,NM_012433
SF3B1,E592K,NM_012433
SF3B1,E622D,NM_012433
SF3B1,Y623C,NM_012433
SF3B1,R625L,NM_012433
SF3B1,R625C,NM_012433
SF3B1,R625G,NM_012433
SF3B1,H662Q,NM_012433
SF3B1,H662D,NM_012433
SF3B1,T663I,NM_012433
SF3B1,K666N,NM_012433
SF3B1,K666T,NM_012433
SF3B1,K666E,NM_012433
SF3B1,K666R,NM_012433
SF3B1,K700E,NM_012433
SF3B1,V701F,NM_012433
SF3B1,A708T,NM_012433
SF3B1,G740R,NM_012433
SF3B1,G740E,NM_012433
SF3B1,A744P,NM_012433
SF3B1,D781G,NM_012433
SF3B1,E783K,NM_012433
SF3B1,R831Q,NM_012433
SF3B1,L833F,NM_012433
SF3B1,E862K,NM_012433
SF3B1,R957Q,NM_012433
SRSF2,Y44H,NM_003016
SRSF2,P95H,NM_003016
SRSF2,P95L,NM_003016
SRSF2,P95T,NM_003016
SRSF2,P95R,NM_003016
SRSF2,P95A,NM_003016
SRSF2,P107H,NM_003016
SRSF2,P95fs,NM_003016
SMC1A,K190T,NM_006306
SMC1A,R586W,NM_006306
SMC1A,M689V,NM_006306
SMC1A,R807H,NM_006306
SMC1A,R1090H,NM_006306
SMC1A,R1090C,NM_006306
SMC3,R155I,NM_005445
SMC3,Q367E,NM_005445
SMC3,D392V,NM_005445
SMC3,K571R,NM_005445
SMC3,R661P,NM_005445
SMC3,G662C,NM_005445
STAG1,H1085Y,NM_005862
TP53,S46F,NM_001126112
TP53,G105C,NM_001126112
TP53,G105R,NM_001126112
TP53,G105D,NM_001126112
TP53,G108S,NM_001126112
TP53,G108C,NM_001126112
TP53,R110L,NM_001126112
TP53,R110C,NM_001126112
TP53,T118A,NM_001126112
TP53,T118R,NM_001126112
TP53,T118I,NM_001126112
TP53,S127F,NM_001126112
TP53,S127Y,NM_001126112
TP53,L130V,NM_001126112
TP53,L130F,NM_001126112
TP53,K132Q,NM_001126112
TP53,K132E,NM_001126112
TP53,K132W,NM_001126112
TP53,K132R,NM_001126112
TP53,K132M,NM_001126112
TP53,K132N,NM_001126112
TP53,F134V,NM_001126112
TP53,F134L,NM_001126112
TP53,F134S,NM_001126112
TP53,C135W,NM_001126112
TP53,C135S,NM_001126112
TP53,C135F,NM_001126112
TP53,C135G,NM_001126112
TP53,C135Y,NM_001126112
TP53,Q136K,NM_001126112
TP53,Q136E,NM_001126112
TP53,Q136P,NM_001126112
TP53,Q136R,NM_001126112
TP53,Q136L,NM_001126112
TP53,Q136H,NM_001126112
TP53,A138P,NM_001126112
TP53,A138V,NM_001126112
TP53,A138A,NM_001126112
TP53,A138T,NM_001126112
TP53,T140I,NM_001126112
TP53,C141R,NM_001126112
TP53,C141G,NM_001126112
TP53,C141A,NM_001126112
TP53,C141Y,NM_001126112
TP53,C141S,NM_001126112
TP53,C141F,NM_001126112
TP53,C141W,NM_001126112
TP53,V143M,NM_001126112
TP53,V143A,NM_001126112
TP53,V143E,NM_001126112
TP53,L145Q,NM_001126112
TP53,W146C,NM_001126112
TP53,W146L,NM_001126112
TP53,L145R,NM_001126112
TP53,V147G,NM_001126112
TP53,P151T,NM_001126112
TP53,P151A,NM_001126112
TP53,P151S,NM_001126112
TP53,P151H,NM_001126112
TP53,P151R,NM_001126112
TP53,P152S,NM_001126112
TP53,P152R,NM_001126112
TP53,P152L,NM_001126112
TP53,T155P,NM_001126112
TP53,T155A,NM_001126112
TP53,V157F,NM_001126112
TP53,R158H,NM_001126112
TP53,R158L,NM_001126112
TP53,A159V,NM_001126112
TP53,A159P,NM_001126112
TP53,A159S,NM_001126112
TP53,A159D,NM_001126112
TP53,A161T,NM_001126112
TP53,A161D,NM_001126112
TP53,Y163N,NM_001126112
TP53,Y163H,NM_001126112
TP53,Y163D,NM_001126112
TP53,Y163S,NM_001126112
TP53,Y163C,NM_001126112
TP53,K164E,NM_001126112
TP53,K164M,NM_001126112
TP53,K164N,NM_001126112
TP53,K164P,NM_001126112
TP53,H168Y,NM_001126112
TP53,H168P,NM_001126112
TP53,H168R,NM_001126112
TP53,H168L,NM_001126112
TP53,H168Q,NM_001126112
TP53,M169I,NM_001126112
TP53,M169T,NM_001126112
TP53,M169V,NM_001126112
TP53,E171K,NM_001126112
TP53,E171Q,NM_001126112
TP53,E171G,NM_001126112
TP53,E171A,NM_001126112
TP53,E171V,NM_001126112
TP53,E171D,NM_001126112
TP53,V172D,NM_001126112
TP53,V173M,NM_001126112
TP53,V173L,NM_001126112
TP53,V173G,NM_001126112
TP53,R174W,NM_001126112
TP53,R175G,NM_001126112
TP53,R175C,NM_001126112
TP53,R175H,NM_001126112
TP53,C176R,NM_001126112
TP53,C176G,NM_001126112
TP53,C176Y,NM_001126112
TP53,C176F,NM_001126112
TP53,C176S,NM_001126112
TP53,P177R,NM_001126112
TP53,P177R,NM_001126112
TP53,P177L,NM_001126112
TP53,H178D,NM_001126112
TP53,H178P,NM_001126112
TP53,H178Q,NM_001126112
TP53,H179Y,NM_001126112
TP53,H179R,NM_001126112
TP53,H179Q,NM_001126112
TP53,R181C,NM_001126112
TP53,R181Y,NM_001126112
TP53,D186G,NM_001126112
TP53,G187S,NM_001126112
TP53,P190L,NM_001126112
TP53,P190T,NM_001126112
TP53,H193N,NM_001126112
TP53,H193P,NM_001126112
TP53,H193L,NM_001126112
TP53,H193R,NM_001126112
TP53,L194F,NM_001126112
TP53,L194R,NM_001126112
TP53,I195F,NM_001126112
TP53,I195N,NM_001126112
TP53,I195T,NM_001126112
TP53,R196P,NM_001126112
TP53,V197L,NM_001126112
TP53,G199V,NM_001126112
TP53,Y205N,NM_001126112
TP53,Y205C,NM_001126112
TP53,Y205H,NM_001126112
TP53,D208V,NM_001126112
TP53,R213Q,NM_001126112
TP53,R213P,NM_001126112
TP53,R213L,NM_001126112
TP53,R213Q,NM_001126112
TP53,H214D,NM_001126112
TP53,H214R,NM_001126112
TP53,S215G,NM_001126112
TP53,S215I,NM_001126112
TP53,S215R,NM_001126112
TP53,V216M,NM_001126112
TP53,V217G,NM_001126112
TP53,Y220N,NM_001126112
TP53,Y220H,NM_001126112
TP53,Y220S,NM_001126112
TP53,Y220C,NM_001126112
TP53,E224D,NM_001126112
TP53,I232F,NM_001126112
TP53,I232N,NM_001126112
TP53,I232T,NM_001126112
TP53,I232S,NM_001126112
TP53,Y234N,NM_001126112
TP53,Y234H,NM_001126112
TP53,Y234S,NM_001126112
TP53,Y234C,NM_001126112
TP53,Y236N,NM_001126112
TP53,Y236H,NM_001126112
TP53,Y236C,NM_001126112
TP53,M237V,NM_001126112
TP53,M237K,NM_001126112
TP53,M237I,NM_001126112
TP53,C238R,NM_001126112
TP53,C238G,NM_001126112
TP53,C238Y,NM_001126112
TP53,C238W,NM_001126112
TP53,N239T,NM_001126112
TP53,N239S,NM_001126112
TP53,S241Y,NM_001126112
TP53,S241C,NM_001126112
TP53,S241F,NM_001126112
TP53,C242G,NM_001126112
TP53,C242Y,NM_001126112
TP53,C242S,NM_001126112
TP53,C242F,NM_001126112
TP53,G244S,NM_001126112
TP53,G244C,NM_001126112
TP53,G244D,NM_001126112
TP53,G245S,NM_001126112
TP53,G245R,NM_001126112
TP53,G245C,NM_001126112
TP53,G245D,NM_001126112
TP53,G245A,NM_001126112
TP53,G245V,NM_001126112
TP53,G245S,NM_001126112
TP53,M246V,NM_001126112
TP53,M246K,NM_001126112
TP53,M246R,NM_001126112
TP53,M246I,NM_001126112
TP53,N247I,NM_001126112
TP53,R248W,NM_001126112
TP53,R248G,NM_001126112
TP53,R248Q,NM_001126112
TP53,R249G,NM_001126112
TP53,R249W,NM_001126112
TP53,R249T,NM_001126112
TP53,R249M,NM_001126112
TP53,P250L,NM_001126112
TP53,I251N,NM_001126112
TP53,L252P,NM_001126112
TP53,I254S,NM_001126112
TP53,I255F,NM_001126112
TP53,I255N,NM_001126112
TP53,I255S,NM_001126112
TP53,L257Q,NM_001126112
TP53,L257P,NM_001126112
TP53,E258K,NM_001126112
TP53,E258Q,NM_001126112
TP53,D259Y,NM_001126112
TP53,S261T,NM_001126112
TP53,G262D,NM_001126112
TP53,G262V,NM_001126112
TP53,L265P,NM_001126112
TP53,G266R,NM_001126112
TP53,G266E,NM_001126112
TP53,G266V,NM_001126112
TP53,R267W,NM_001126112
TP53,R267Q,NM_001126112
TP53,R267P,NM_001126112
TP53,E271K,NM_001126112
TP53,V272M,NM_001126112
TP53,V272L,NM_001126112
TP53,R273S,NM_001126112
TP53,R273G,NM_001126112
TP53,R273C,NM_001126112
TP53,R273H,NM_001126112
TP53,R273P,NM_001126112
TP53,R273L,NM_001126112
TP53,V274F,NM_001126112
TP53,V274D,NM_001126112
TP53,V274A,NM_001126112
TP53,V274G,NM_001126112
TP53,V274L,NM_001126112
TP53,C275Y,NM_001126112
TP53,C275S,NM_001126112
TP53,C275F,NM_001126112
TP53,A276P,NM_001126112
TP53,C277F,NM_001126112
TP53,C277Y,NM_001126112
TP53,P278T,NM_001126112
TP53,P278A,NM_001126112
TP53,P278S,NM_001126112
TP53,P278H,NM_001126112
TP53,P278R,NM_001126112
TP53,P278L,NM_001126112
TP53,G279E,NM_001126112
TP53,R280G,NM_001126112
TP53,R280K,NM_001126112
TP53,R280T,NM_001126112
TP53,R280I,NM_001126112
TP53,R280S,NM_001126112
TP53,D281N,NM_001126112
TP53,D281H,NM_001126112
TP53,D281Y,NM_001126112
TP53,D281G,NM_001126112
TP53,D281E,NM_001126112
TP53,R282G,NM_001126112
TP53,R282W,NM_001126112
TP53,R282Q,NM_001126112
TP53,R282P,NM_001126112
TP53,E285K,NM_001126112
TP53,E285V,NM_001126112
TP53,E286G,NM_001126112
TP53,E286V,NM_001126112
TP53,E286K,NM_001126112
TP53,K320N,NM_001126112
TP53,L330R,NM_001126112
TP53,G334V,NM_001126112
TP53,R337C,NM_001126112
TP53,R337L,NM_001126112
TP53,A347T,NM_001126112
TP53,L348F,NM_001126112
TP53,T377P,NM_001126112
U2AF1,D14G,NM_001025203
U2AF1,S34F,NM_001025203
U2AF1,S34Y,NM_001025203
U2AF1,R35Q,NM_001025203
U2AF1,R35L,NM_001025203
U2AF1,R156H,NM_001025203
U2AF1,R156Q,NM_001025203
U2AF1,Q157R,NM_001025203
U2AF1,Q157P,NM_001025203
U2AF2,R18W,NM_007279
U2AF2,Q143L,NM_007279
U2AF2,M144I,NM_007279
U2AF2,L187V,NM_007279
U2AF2,Q190L,NM_007279
ZRSR2,R126P,NM_005089
ZRSR2,E133G,NM_005089
ZRSR2,C181F,NM_005089
ZRSR2,H191Y,NM_005089
ZRSR2,I202N,NM_005089
ZRSR2,F239V,NM_005089
ZRSR2,F239Y,NM_005089
ZRSR2,N261Y,NM_005089
ZRSR2,C280R,NM_005089
ZRSR2,C302R,NM_005089
ZRSR2,C326R,NM_005089
ZRSR2,H330R,NM_005089
ZRSR2,N382K,NM_005089
BRAF,R603X,NM_004333
DNMT3A,R882A,NM_022552
DNMT3A,R882B,NM_022552
DNMT3A,R882C,NM_022552
DNMT3A,R882D,NM_022552
DNMT3A,R882E,NM_022552
DNMT3A,R882F,NM_022552
DNMT3A,R882G,NM_022552
DNMT3A,R882H,NM_022552
DNMT3A,R882I,NM_022552
DNMT3A,R882J,NM_022552
DNMT3A,R882K,NM_022552
DNMT3A,R882L,NM_022552
DNMT3A,R882M,NM_022552
DNMT3A,R882N,NM_022552
DNMT3A,R882O,NM_022552
DNMT3A,R882P,NM_022552
DNMT3A,R882Q,NM_022552
DNMT3A,R882R,NM_022552
DNMT3A,R882S,NM_022552
DNMT3A,R882T,NM_022552
DNMT3A,R882U,NM_022552
DNMT3A,R882V,NM_022552
DNMT3A,R882W,NM_022552
DNMT3A,R882X,NM_022552
DNMT3A,R882Y,NM_022552
DNMT3A,R882Z,NM_022552
STAT3,S614N,NM_003150
STAT3,S614R,NM_003150
STAT3,E616G,NM_003150
STAT3,E616K,NM_003150
STAT3,Y640F,NM_003150
STAT3,K658R,NM_003150
STAT3,D661V,NM_003150
STAT3,D661Y,NM_003150
ATM,E641A,NM_000051
ATM,E2039K,NM_000051
ATM,S2489Y,NM_000051
ATM,S2489F,NM_000051
ATM,R2832G,NM_000051
ATM,E3015K,NM_000051
ATM,R337H,NM_000051
ATM,R2832H,NM_000051
ATM,R2832C,NM_000051
ATM,N2875S,NM_000051
ATM,I2888T,NM_000051
ATM,R3008C,NM_000051
ATM,R3008H,NM_000051