"Gene.refGene","transcriptOI"
"CSF3R","CSF3R:NM_000760:exon13:c.G1640A:p.W547X"
"CSF3R","CSF3R:NM_000760:exon4:c.259_261delinsC:p.I87Hfs*29"
"MPL","MPL:NM_005373:exon6:c.932delinsCCCA:p.S311_Q312insH"
"CREBBP","CREBBP:NM_004380:exon31:c.6746delinsAGCG:p.Q2248_R2249insQ"
"CREBBP","CREBBP:NM_004380:exon31:c.6645delinsACAACAGCAGCAACAGCAGCAGCAG:p.Q2216_G2217insQQQQQQQQ"
"CREBBP","CREBBP:NM_004380:exon31:c.6621_6645delinsG:p.Q2209_Q2216del"
"CREBBP","CREBBP:NM_004380:exon31:c.6624_6636delinsG:p.Q2213_Q2216del"
"CREBBP","CREBBP:NM_004380:exon31:c.6633delinsGCAA:p.Q2216_G2217insQ"
"CREBBP","CREBBP:NM_004380:exon31:c.6612_6624delinsA:p.Q2213_Q2216del"
"CREBBP","CREBBP:NM_004380:exon31:c.6603_6609delinsA:p.Q2215_Q2216del"
"CREBBP","CREBBP:NM_004380:exon31:c.6600_6609delinsA:p.Q2214_Q2216del"
"CREBBP","CREBBP:NM_004380:exon31:c.6609delinsGCAA:p.Q2216_G2217insQ"
"CREBBP","CREBBP:NM_004380:exon14:c.2697_2709delinsT:p.T900_P903del"
"DNMT3A","DNMT3A:NM_022552:exon14:c.1604delinsACGACGACGACGGCTACCAGTC:p.Q534_S535insYDDDGYQ"
"DNMT3A","DNMT3A:NM_022552:exon14:c.1589_1595delinsG:p.D530_D531del"
"EP300","EP300:NM_001429:exon31:c.5617_5623delinsT:p.Q1876_P1877del"
"EP300","EP300:NM_001429:exon31:c.6303_6324delinsT:p.M2106_G2112del"
"EP300","EP300:NM_001429:exon31:c.6438_6450delinsC:p.P2150_Q2153del"
"EP300","EP300:NM_001429:exon31:c.6566_6578delinsT:p.Q2192_Q2195del"
"EP300","EP300:NM_001429:exon31:c.6690_6699delinsC:p.M2234_Q2236del"
"EP300","EP300:NM_001429:exon31:c.7008_7038delinsT:p.H2339_H2348del"
"JAK2","JAK2:NM_004972:exon16:c.2048_2051delinsG:p.E685del"
"KDM6A","KDM6A:NM_021140:exon1:c.28delinsACCGCCGCCGCTG:p.A17_F18insAAAA"
"KDM6A","KDM6A:NM_021140:exon1:c.39delinsTGCCGCC:p.A17_F18insAA"
"ZBTB33","ZBTB33:NM_006777:exon2:c.984_987delinsA:p.E333del"
